IP 地址,已发送,已接收,丢包率,平均延迟,下载速度 (MB/s)
2606:4700:0:d565:aef7:43d6:b2c6:3672,4,1,0.75,218.55,0.02
2606:4700:0:d589:a169:be69:ed55:db9,4,3,0.25,230.04,0.00
2606:4700:0:c4:10b3:183a:d42a:2ae9,4,3,0.25,246.75,0.00
2606:4700:0:d54b:5dcb:4d8:6ccd:782,4,2,0.50,211.06,0.00
2606:4700:0:a6:6492:d386:5b7f:475c,4,2,0.50,213.73,0.00
2606:4700::4eea,4,2,0.50,219.60,0.00
2606:4700:0:d590:9150:3f6:c5b:1ef6,4,2,0.50,222.50,0.00
2606:4700:0:d590:93f:7658:1de9:e7ed,4,2,0.50,223.72,0.00
2606:4700:0:c4:e94b:eaec:48b1:b18,4,2,0.50,224.47,0.00
2606:4700:0:d590:913b:22d9:dad6:d3ce,4,2,0.50,226.19,0.00
2606:4700::83:ab50:4b12:5403,4,2,0.50,227.02,0.00
2606:4700:0:d54b:5dcb:6320:702d:2303,4,2,0.50,227.13,0.00
2606:4700:0:c4:e94b:ea1c:a7a1:38a6,4,2,0.50,227.61,0.00
2606:4700:0:c4:105e:48b7:4ec8:1b4e,4,2,0.50,227.92,0.00
2606:4700:0:d590:912c:dce:5615:a2fb,4,2,0.50,232.46,0.00
2606:4700:0:d589:a169:be69:a6cf:fb30,4,2,0.50,234.12,0.00
2606:4700:0:d590:913b:22d9:6e1:4a06,4,2,0.50,234.50,0.00
2606:4700:0:d590:9150:33c:3b51:5a48,4,2,0.50,236.96,0.00
2606:4700:0:ef:c28c:cd08:5155:106d,4,2,0.50,242.90,0.00
2606:4700:0:d590:9ab:c014:a9d2:1620,4,2,0.50,243.63,0.00
2606:4700::83:aed7:9607:2a8c,4,2,0.50,244.40,0.00
2606:4700:0:ef:c2e6:c973:8339:df01,4,2,0.50,245.19,0.00
2606:4700:0:c4:105e:48b7:4e5a:50f2,4,2,0.50,245.30,0.00
2606:4700::4d0e:526:91f4:9ee2,4,2,0.50,245.85,0.00
2606:4700:0:a6:50b:54c1:91d0:3e2c,4,2,0.50,246.89,0.00
2606:4700:0:c4:1091:2d30:f607:3a94,4,2,0.50,248.07,0.00
2606:4700:0:d590:913b:22ed:1e70:e875,4,2,0.50,249.04,0.00
2606:4700:0:d54b:5d27:89c9:97cb:b1e7,4,2,0.50,250.24,0.00
2606:4700:0:a6:d253:fa4f:aa36:ee70,4,2,0.50,250.38,0.00
2606:4700::4d0e:526:91ce:a43f,4,2,0.50,251.88,0.00
2606:4700:0:c4:105e:48e1:db51:a302,4,2,0.50,252.12,0.00
2606:4700:0:a6:5c5:7f02:beac:26c9,4,2,0.50,257.94,0.00
2606:4700:0:d590:9150:3f6:c25:e99e,4,2,0.50,260.34,0.00
2606:4700:0:d590:912c:dede:9a29:6099,4,1,0.75,181.90,0.00
2606:4700:0:c4:e94b:284e:5670:7519,4,1,0.75,184.57,0.00
2606:4700:0:d590:912c:df53:d582:e948,4,1,0.75,200.29,0.00
2606:4700:0:d565:4b0c:da7f:552b:c8a1,4,1,0.75,203.98,0.00
2606:4700::83:aed7:25b2:697e,4,1,0.75,204.05,0.00
2606:4700:0:c4:1091:e13a:9145:c8d0,4,1,0.75,204.70,0.00
2606:4700:0:d590:912c:de5d:ed81:bf89,4,1,0.75,205.66,0.00
2606:4700:0:c4:e980:b4c7:1123:8e6e,4,1,0.75,207.09,0.00
2606:4700:0:d589:a169:ba1a:79bc:926c,4,1,0.75,207.18,0.00
2606:4700:0:d590:9150:3f6:2761:6713,4,1,0.75,208.62,0.00
2606:4700:0:c4:1091:e1e2:8a5:2a93,4,1,0.75,208.84,0.00
2606:4700::83:ab9a:e6c9:d9a7,4,1,0.75,209.51,0.00
2606:4700:0:a6:d253:fa4f:aaec:80c2,4,1,0.75,210.04,0.00
2606:4700:0:c4:105e:4805:6fde:eeb5,4,1,0.75,210.15,0.00
2606:4700:0:d590:9ab:2c35:c773:542c,4,1,0.75,210.54,0.00
2606:4700:0:c4:1006:851a:93c2:c2cf,4,1,0.75,211.70,0.00
2606:4700::7d18:d12e,4,1,0.75,211.89,0.00
2606:4700:0:d590:913b:2129:46c1:cdd6,4,1,0.75,211.95,0.00
2606:4700:0:d565:4b0c:8d2:491f:a663,4,1,0.75,211.96,0.00
2606:4700:0:a6:50b:54c1:915b:2d8a,4,1,0.75,212.33,0.00
2606:4700:0:d54b:5dcb:6320:9c2:5bd9,4,1,0.75,213.34,0.00
2606:4700:0:a6:5c5:7f02:beca:f805,4,1,0.75,213.71,0.00
2606:4700:0:a6:6454:3142:cc58:3d8,4,1,0.75,213.89,0.00
2606:4700:0:d54b:5dcb:443b:822e:46fb,4,1,0.75,213.92,0.00
2606:4700:0:ef:c2e6:c973:83ee:b270,4,1,0.75,214.30,0.00
2606:4700:0:c4:e94b:9c0:7992:a790,4,1,0.75,214.72,0.00
2606:4700:0:c4:10b3:183a:d491:5e1a,4,1,0.75,215.11,0.00
2606:4700:0:c4:e94b:eaec:3dba:5742,4,1,0.75,217.90,0.00
2606:4700:0:a6:5f4:e3db:b636:26c,4,3,0.25,231.35,0.00
2606:4700:0:d565:4b0c:81c:7a14:df75,4,1,0.75,219.23,0.00
2606:4700:0:a6:5c5:aad3:b5a8:ed9e,4,1,0.75,225.20,0.00
2606:4700:0:a6:5c5:aad3:96b4:9256,4,1,0.75,226.89,0.00
2606:4700:0:d589:a169:be69:defa:a7cc,4,1,0.75,227.40,0.00
2606:4700:0:c4:105e:4805:8742:4f17,4,1,0.75,228.49,0.00
2606:4700:0:a6:50b:5494:c48c:4d15,4,1,0.75,228.71,0.00
2606:4700:0:c4:1006:85aa:6735:8a4,4,1,0.75,229.33,0.00
2606:4700:0:a6:50b:5424:efc0:3135,4,1,0.75,229.77,0.00
2606:4700:0:d54b:5dcb:6320:456d:fc2e,4,1,0.75,229.85,0.00
2606:4700:0:d565:4b0c:da02:8c5c:9d4d,4,1,0.75,229.98,0.00
2606:4700:0:d590:9147:34ec:9a96:c82a,4,1,0.75,230.70,0.00
2606:4700:0:d590:913b:22ed:1e63:bbd4,4,1,0.75,232.01,0.00
2606:4700::ca:eac5:efea,4,1,0.75,232.22,0.00
2606:4700:0:d54b:87b4:1d46:caca:78b2,4,1,0.75,232.49,0.00
2606:4700::cb54:cdc2:92a,4,1,0.75,232.55,0.00
2606:4700:0:d54b:87b4:abd2:756a:38dd,4,1,0.75,232.59,0.00
2606:4700:0:d54b:5dcb:443b:828c:10d1,4,1,0.75,233.21,0.00
2606:4700:0:d590:9147:343f:81eb:f819,4,1,0.75,233.33,0.00
2606:4700:0:ef:c2e6:c987:5495:2dd8,4,1,0.75,233.34,0.00
2606:4700:0:d54b:cb17:e5a2:80ad:2260,4,1,0.75,233.44,0.00
2606:4700:0:a6:6454:3142:cc12:5bd5,4,1,0.75,233.48,0.00
2606:4700:0:d590:913b:2129:4635:9db8,4,1,0.75,233.49,0.00
2606:4700::7da4:3f85,4,1,0.75,233.58,0.00
2606:4700:0:a6:5c5:7f02:6eab:6f49,4,1,0.75,233.71,0.00
2606:4700:0:a6:5c5:aa2e:60b2:82e5,4,1,0.75,234.48,0.00
2606:4700:0:a6:d253:4563:f65:dcdc,4,1,0.75,234.55,0.00
2606:4700::ca:ea30:a247,4,1,0.75,234.57,0.00
2606:4700::ca:7abb:cdad,4,1,0.75,234.63,0.00
2606:4700::83:ab9a:46f8:e5a7,4,1,0.75,234.86,0.00
2606:4700:0:ef:c2e6:c902:f6b8:6cf9,4,1,0.75,235.57,0.00
2606:4700:0:a6:6454:3142:9612:c13f,4,1,0.75,235.61,0.00
2606:4700:0:d54b:87b4:abd2:be01:f658,4,1,0.75,235.75,0.00
2606:4700:0:c4:1006:851a:9316:fbbc,4,1,0.75,235.91,0.00
2606:4700:0:c4:e9ac:5b9e:e77e:2d44,4,1,0.75,235.94,0.00
2606:4700:0:d590:913b:22ed:276a:86d0,4,1,0.75,236.14,0.00
2606:4700:0:d590:912c:7d74:57f6:66fa,4,1,0.75,236.32,0.00
2606:4700:0:c4:e980:b4c7:9de2:526a,4,1,0.75,236.69,0.00
2606:4700:0:a6:6492:2117:8a48:3555,4,1,0.75,237.02,0.00
2606:4700:0:c4:1091:2d96:60dc:b454,4,1,0.75,237.04,0.00
2606:4700::83:ab50:5d25:7b24,4,1,0.75,237.10,0.00
2606:4700:0:c4:e94b:eaec:baac:3f96,4,1,0.75,237.11,0.00
2606:4700:0:d590:9150:ecd2:ac39:b733,4,1,0.75,237.28,0.00
2606:4700:0:d590:913b:22ed:cf8b:e7b2,4,1,0.75,237.51,0.00
2606:4700:0:d590:912c:de5d:3ff0:6c51,4,1,0.75,237.51,0.00
2606:4700:0:ef:c2e6:c902:db1d:b60e,4,1,0.75,237.78,0.00
2606:4700:0:d565:ae04:1f7c:546:8302,4,1,0.75,237.89,0.00
2606:4700:0:d565:aef7:4324:5cf0:256b,4,1,0.75,237.96,0.00
2606:4700:0:d565:aef7:43ad:6d7:b6e3,4,1,0.75,238.05,0.00
2606:4700:0:a6:6492:2117:e4dd:39,4,1,0.75,238.17,0.00
2606:4700:0:d589:a169:baf7:d9c3:d9d7,4,1,0.75,238.30,0.00
2606:4700:0:d589:a169:be69:9798:4ff6,4,1,0.75,238.57,0.00
2606:4700:0:c4:105e:f1e9:d866:a731,4,1,0.75,238.68,0.00
2606:4700:0:d565:ae04:7232:2cdc:e5b5,4,1,0.75,238.83,0.00
2606:4700:0:d590:912c:deb0:3959:301f,4,1,0.75,238.95,0.00
2606:4700::4d0e:e7d3:6bbb:1f18,4,1,0.75,238.98,0.00
2606:4700:0:d54b:5d27:891e:bcc7:751a,4,1,0.75,239.10,0.00
2606:4700:0:d590:912c:dce:d7ff:9936,4,1,0.75,239.11,0.00
2606:4700::83:aed7:252c:2963,4,1,0.75,239.33,0.00
2606:4700:0:ef:c2e6:c902:dbbf:bf46,4,1,0.75,239.36,0.00
2606:4700:0:c4:105e:48e1:501a:ade8,4,1,0.75,239.38,0.00
2606:4700:0:d565:aef7:dc74:75a5:3c3b,4,1,0.75,239.53,0.00
2606:4700:0:a6:6492:d38c:49c4:770a,4,1,0.75,239.58,0.00
2606:4700:0:d590:912c:df53:42c8:5a6d,4,1,0.75,239.69,0.00
2606:4700:0:a6:6492:d35d:68ba:5017,4,1,0.75,239.75,0.00
2606:4700:0:d590:912c:deb0:6ac5:54f2,4,1,0.75,239.92,0.00
2606:4700:0:d590:9ab:2c35:f4ab:b3ea,4,1,0.75,240.07,0.00
2606:4700:0:c4:1091:5ba2:8cdc:9582,4,1,0.75,240.08,0.00
2606:4700:0:d590:913b:b9e3:a8bb:beb7,4,1,0.75,240.15,0.00
2606:4700:0:d590:912c:deb0:6a46:5192,4,1,0.75,240.17,0.00
2606:4700:0:d54b:5dcb:9903:6a76:a3cb,4,1,0.75,240.56,0.00
2606:4700:0:c4:105e:4898:e9c:f496,4,1,0.75,240.68,0.00
2606:4700:0:a6:5c5:7fe8:df00:7ce0,4,1,0.75,241.03,0.00
2606:4700:0:d54b:5d27:891e:847:522f,4,1,0.75,241.08,0.00
2606:4700:0:d54b:5dcb:9903:6a96:5906,4,1,0.75,241.25,0.00
2606:4700:0:c4:105e:4898:528f:a369,4,1,0.75,241.51,0.00
2606:4700:0:d589:a169:5820:6f02:c8cd,4,1,0.75,241.56,0.00
2606:4700::83:aed7:96a7:6ae8,4,1,0.75,241.61,0.00
2606:4700:0:d565:ae04:7232:b82c:8ce6,4,1,0.75,241.69,0.00
2606:4700:0:d590:9150:310:4604:79f,4,1,0.75,241.82,0.00
2606:4700:0:d590:93f:7658:1d46:f37f,4,1,0.75,241.96,0.00
2606:4700:0:d590:9150:ec30:745a:f4bb,4,1,0.75,242.38,0.00
2606:4700:0:d54b:5dcb:4d8:a1cf:34f9,4,1,0.75,242.99,0.00
2606:4700:0:d54b:5dcb:4d8:47ed:2614,4,1,0.75,243.30,0.00
2606:4700:0:a6:5f4:7a58:8eff:bc08,4,1,0.75,243.46,0.00
2606:4700:0:a6:6454:3142:cc30:3670,4,1,0.75,243.51,0.00
2606:4700:0:d589:a169:be50:3908:5a88,4,1,0.75,244.43,0.00
2606:4700:0:d565:4b0c:da02:e9ec:999c,4,1,0.75,244.61,0.00
2606:4700:0:d590:9ab:2c35:1feb:b349,4,1,0.75,245.49,0.00
2606:4700::83:aed7:fd05:344e,4,1,0.75,245.94,0.00
2606:4700:0:d54b:87b4:ab1b:fd9c:231e,4,1,0.75,246.46,0.00
2606:4700:0:a6:6492:d386:5ba4:6a9d,4,1,0.75,251.18,0.00
2606:4700::4d88:487c:4604:cdf9,4,1,0.75,252.24,0.00
2606:4700:0:d565:ae04:1f7c:f78b:ceb1,4,1,0.75,255.40,0.00
2606:4700::ee:3084:e8de:59b6,4,1,0.75,255.51,0.00
2606:4700:0:d589:a169:5820:6fe1:b4ca,4,1,0.75,257.03,0.00
2606:4700:0:d54b:cb17:69a8:9946:bac3,4,1,0.75,257.20,0.00
2606:4700::55:60ad,4,1,0.75,257.85,0.00
2606:4700:0:c4:105e:f1f3:a387:cfe,4,1,0.75,258.00,0.00
2606:4700:0:c4:1006:85aa:672d:69ae,4,1,0.75,258.53,0.00
2606:4700:0:a6:d253:fa8b:b112:6ed2,4,1,0.75,258.57,0.00
2606:4700::ca:657c:9ce3,4,1,0.75,258.60,0.00
2606:4700:0:a6:5c5:7fe8:8d39:5f7b,4,1,0.75,258.69,0.00
2606:4700:0:a6:5c5:aa2e:6043:6be,4,1,0.75,259.14,0.00
2606:4700:0:c4:105e:f1e9:fac2:8268,4,1,0.75,259.17,0.00
2606:4700:0:c4:1091:2dba:68dc:2af6,4,1,0.75,259.24,0.00
2606:4700:0:c4:10b3:183a:d429:ed11,4,1,0.75,259.27,0.00
2606:4700:0:d54b:5dcb:41d:3288:1ebd,4,1,0.75,259.30,0.00
2606:4700:0:d565:4b0c:8d2:4968:c700,4,1,0.75,259.35,0.00
2606:4700:0:d54b:5dcb:99fd:b255:1666,4,1,0.75,259.52,0.00
2606:4700::83:ab50:4b39:12a,4,1,0.75,259.94,0.00
2606:4700:0:d565:ae04:1fcd:9d9:584f,4,1,0.75,259.96,0.00
2606:4700:0:d590:9150:ecd2:945:45a3,4,1,0.75,260.10,0.00
2606:4700:0:d590:912c:ddd:7910:da5,4,1,0.75,260.14,0.00
2606:4700:0:c4:e980:b4c7:46c3:7db6,4,1,0.75,260.37,0.00
2606:4700:0:a6:50b:54c1:913e:67e6,4,1,0.75,260.44,0.00
2606:4700:0:d565:ae04:1f7c:f7e1:804e,4,1,0.75,260.51,0.00
2606:4700:0:d54b:87b4:ab1b:c887:7c79,4,1,0.75,260.61,0.00
2606:4700:0:d565:4b0c:da7f:5505:e797,4,1,0.75,260.61,0.00
2606:4700:0:c4:105e:f1e9:fa20:ea47,4,1,0.75,260.71,0.00
2606:4700:0:d590:913b:b9e3:a800:90f,4,1,0.75,260.81,0.00
2606:4700:0:a6:50b:5424:ef28:abf7,4,1,0.75,260.90,0.00
2606:4700:0:c4:e94b:90c:9776:3636,4,1,0.75,261.00,0.00
2606:4700:0:ef:c2e6:c902:4b15:d6cc,4,1,0.75,261.13,0.00
2606:4700:0:d54b:87b4:abd2:75ce:2085,4,1,0.75,261.23,0.00
2606:4700:0:a6:50b:5424:ef36:3182,4,1,0.75,261.28,0.00
2606:4700::4d88:662e:d4b7:2957,4,1,0.75,261.28,0.00
2606:4700:0:a6:6492:2117:8af0:f564,4,1,0.75,261.42,0.00
2606:4700:0:c4:10b3:183a:d400:878,4,1,0.75,261.70,0.00
2606:4700::4d0e:e712:959d:39cc,4,1,0.75,261.92,0.00
2606:4700:0:d589:a169:bef4:a03f:e261,4,1,0.75,262.12,0.00
2606:4700:0:a6:6492:d386:c558:986b,4,1,0.75,262.24,0.00
2606:4700:0:c4:1091:2dba:efd6:1065,4,1,0.75,262.25,0.00
2606:4700:0:d590:912c:df53:d5d0:f9ad,4,1,0.75,262.99,0.00
2606:4700:0:ef:c2e6:c987:5422:35eb,4,1,0.75,263.01,0.00
2606:4700:0:c4:105e:f1b2:6b10:1097,4,1,0.75,263.03,0.00
2606:4700:0:d54b:5dcb:9903:dc95:d14c,4,1,0.75,263.07,0.00
2606:4700:0:c4:1091:2d30:3385:15f4,4,1,0.75,263.53,0.00
2606:4700:0:c4:10b3:183a:35bf:ce82,4,1,0.75,263.62,0.00
2606:4700:0:d589:a169:be69:971b:93d8,4,1,0.75,263.72,0.00
2606:4700:0:ef:c2e6:c902:dba3:434d,4,1,0.75,263.77,0.00
2606:4700:0:d565:ae04:1fcd:3c6e:2d0,4,1,0.75,263.87,0.00
2606:4700:0:d589:a169:be50:f3aa:a96d,4,1,0.75,264.07,0.00
2606:4700:0:a6:5c5:aa9d:7929:45eb,4,1,0.75,264.88,0.00
2606:4700:0:d565:4b0c:81c:7a86:8305,4,1,0.75,264.95,0.00
2606:4700:0:d590:912c:ddd:1b59:924a,4,1,0.75,264.97,0.00
2606:4700:0:c4:105e:f1e9:fab3:7ade,4,1,0.75,265.28,0.00
2606:4700:0:d589:a169:bef4:a0ef:144e,4,1,0.75,265.47,0.00
2606:4700:0:d565:aef7:4324:5c9f:59f2,4,1,0.75,266.05,0.00
2606:4700:0:d54b:cb17:69a8:99fa:54bf,4,1,0.75,267.62,0.00
